mean_final_cost,variance_final_cost,mean_final_sales,variance_final_sales,mean_return_quantity,variance_return_quantity
124.82395695596962,216007.85176272027,234.0383004641976,450560.40600030497,0.2920,2.700316466572859
