year,month,monthly_sales
2022,1,236331.06999999972
2022,2,247230.90800000005
2022,3,250913.85200000022
2022,4,267918.87400000007
2022,5,300612.10199999966
2022,6,216637.55199999988
2022,7,309785.6299999998
2022,8,319996.6300000001
2022,9,234034.33200000008
2022,10,258533.45799999998
2022,11,273303.0219999998
2022,12,412259.1259999989
