DrugName,total_sales
,436786.54999999487
"HUMAN ALBUMIN 25% INJ",314856.39999999985
"MEROPENEM 1GM INJ",219485.942
"LIPOSOMAL AMPHOTERICIN B 50MG INJ",105262.60000000003
"PARACETAMOL 1GM IV INJ",94146.75799999967
"TIGECYCLINE 50MG INJ",91407.9
"MULTIPLE ELECTROLYTES 500ML IVF",88019.20000000019
"MICAFUNGIN 50MG INJ",85760.03200000002
"PIPERACILLIN 4GM+ TAZOBACTAM 500MG",75899.54799999998
"SODIUM CHLORIDE IVF 100ML",61403.95200000011
